{"cameraMode":{"drawMode":0,"name":"Shaded","section":"Shading Mode"},"sceneLighting":true,"audioPlay":false,"sceneViewState":{"showFog":true,"showMaterialUpdate":true,"showSkybox":true,"showFlares":true,"showImageEffects":true,"showParticleSystems":true},"in2DMode":false,"pivot":{"x":5.998191833496094,"y":5.224987983703613,"z":4.446990013122559},"rotation":{"x":-0.26603391766548159,"y":-0.08316188305616379,"z":0.023043237626552583,"w":-0.9600943922996521},"size":22.844032287597658,"orthographic":false}